Seg1	Start1	End1	Seg2	Start2	End2	Reads	RPM	dG	i1	j1	i2	j2	RNA	pattern
2	344	404	4	1402	1470	13	771	-29.6	353	402	1405	1466	CAUGCUCUUGGCUGGACCAUGAGCUGGCAUUACCACAGCAUUGUUUACAG&CUGAAAGCUUUGCUGCGUUCAACGAAAAGGUCCCAUGUCUCAUUUUGAAAGCCAUCACAAUG	(((.....(((((.....(((((((((....(((.(((((..((((.(((&))).))))..))))).............))).))).).)))))......))))).....)))
1	1802	1842	2	1347	1401	24	1424	-21.0	1807	1840	1359	1393	UGGGGAAAACAACUUCCAUGAUUACAUCUUGUGC&GCCAGGAACAUUCGAGGAUUUUGAUUUUCAUUCCA	((((((((((((..(((.(((.....(((((.((&)))))))....))).)))..))).)))))..))))
1	1881	1933	4	1478	1534	31	1839	-20.5	1882	1932	1481	1525	CUCUUCGGCGUAUUUUGACUUGGUUUCUAAAAUGGACAGGGCCAAAGGUUC&GAGCAUCUAUCAGUGUGCAGUCUAUUCCAUCAAGGAUUCGAUGAG	(((.((((.((.((((((..(((.......(((((((.(.(((....((((&))))........).)).).)))))))))))))))))))))).)))
3	50	106	4	613	669	16	949	-18.1	71	99	644	667	AUGUGUUAGGAAGGAGUUGAACCAAGACG&CGUCUAUCAUUCCCUCCCAACCAU	(((.(((.(((.(((((.((....(((((&))))).))))))).))).))))))
1	1551	1607	3	56	102	17	1008	-17.4	1555	1585	68	99	CGUCAUUCCUCACUUCUCCACCUGGAGUGUA&UGCAUGUGUUAGGAAGGAGUUGAACCAAGACG	((((.....((((((((...(((((.(((((&)))))...))))).)))))).)).....))))
3	2085	2127	4	41	109	20	1186	-17.3	2086	2112	42	70	AGUGAGUGCAUAUUGCUGCAAAUUUGU&GCAAAUGUUGCACCUAAUGUUGCCUUUCU	((.(((.((((((((.(((((((((((&)))))).)))))..)))))).))))).))
4	110	146	5	783	843	32	1898	-17.1	110	139	785	819	GCAAAAAGCAUGAUAUGGCAAAGGAAAUCC&GGCUUUCUCUCACUUGAUCCAUCAUUGCUCUUUGU	(((((.((((((((....(((((((((.((&)).)))).))...)))....))))).))).)))))
1	2175	2233	7	784	840	16	949	-16.7	2183	2215	795	839	UGACGGGUUCUUUUCCUGUCUCCCUGAUGUGUA&UGGGCACGGUGAGCGUGAAUACAAAUCCCAAAAUCCCUUUAGUCA	(((((((((...(((.((.(((.(((.(((.((&)).)))))).))))).)))....))))).............))))
6	1068	1108	8	529	579	22	1305	-15.6	1070	1106	542	578	AGGAUCGCAUGACACAUAAGGUUCUCUCGUCACCCAA&UUGGGCAUUAGCAUGAACCAGUCCCUUGACAAUUCCU	(((((((...(((......(((((........(((((&))))).........))))).)))...)))....))))
3	2020	2060	5	1057	1119	18	1068	-15.1	2023	2057	1087	1119	CCACUAUUGACUCGCCUUGUUCAUUGAUGAAAUGA&UCAUUCAAAUUGGAAUGCCAGAUCAUCAUGUGG	((((...(((((.((...((((.....((.(((((&))))))).....)))))).)).)))....))))
3	392	428	4	1485	1523	18	1068	-14.9	392	418	1495	1522	GUCUUUCUCUUUGACAGAAGACUCGGC&GUGCAGUCUAUUCCAUCAAGGAUUCGAU	(((....(((((((..(((((((..((&))..)))))..))..)))))))...)))
1	1386	1420	2	61	83	23	1364	-13.8	1397	1418	61	80	UUGUUCUUCCGUCGGGUUCUGC&GCUCUUCAAUGGUGGAACAG	(((((((.((((.(((....((&))..))).)))).)))))))
2	1018	1060	4	67	109	18	1068	-10.8	1022	1050	67	91	GGUGUAUUUCUUUUGCCCAAGAUUCAGGA&UUCUGGCAGGCCCACAUGAUGAACC	(((.((((......(((......((((((&))))))..)))......)))).)))
1	1867	1903	4	629	681	19	1127	-9.2	1868	1894	636	658	AGGGUUUAUGUCAACUCUUCGGCGUAU&GUACCAACCGUCUAUCAUUCCCU	((((...(((.........(((.((((&))))...))).....))).))))
1	421	457	6	103	127	23	1364	-8.5	439	448	104	115	GUGGGGCGGC&GCCACAAAACAC	(((..(.(((&))).)....)))
4	79	117	6	757	795	55	3263	-8.4	91	95	770	774	CCCAG&CUGGG	(((((&)))))
Total interactions: 312
Counted interactions: 312
Total detected: 352
Unique detected: 296
